pair,role,word,weak_word,strong_word,filename,image_url
ancient_old,neutral,,old,ancient,adjnorm_neutral_ancient_old_fence_post_pic_PC.png,https://chandlernichols41.github.io/adjnorm-finished-images/adjnorm_neutral_ancient_old_fence_post_pic_PC.png
ancient_old,weak,old,old,ancient,adjnorm_weak_old_fence_post_pic_PC3.png,https://chandlernichols41.github.io/adjnorm-finished-images/adjnorm_weak_old_fence_post_pic_PC3.png
ancient_old,strong,ancient,old,ancient,adjnorm_strong_ancient_fence_post_pic_PC3.png,https://chandlernichols41.github.io/adjnorm-finished-images/adjnorm_strong_ancient_fence_post_pic_PC3.png
angry_annoyed,neutral,,annoyed,angry,adjnorm_neutral_angry_annoyed_face_pic_PS2.png,https://chandlernichols41.github.io/adjnorm-finished-images/adjnorm_neutral_angry_annoyed_face_pic_PS2.png
angry_annoyed,weak,annoyed,annoyed,angry,adjnorm_weak_annoyed_face_PC.png,https://chandlernichols41.github.io/adjnorm-finished-images/adjnorm_weak_annoyed_face_PC.png
angry_annoyed,strong,angry,annoyed,angry,adjnorm_strong_angry_face_pic_PS2.png,https://chandlernichols41.github.io/adjnorm-finished-images/adjnorm_strong_angry_face_pic_PS2.png
bad_mediocre,neutral,,mediocre,bad,adjnorm_neutral_bad_mediocre_food_pic_PC2.png,https://chandlernichols41.github.io/adjnorm-finished-images/adjnorm_neutral_bad_mediocre_food_pic_PC2.png
bad_mediocre,weak,mediocre,mediocre,bad,adjnorm_weak_mediocre_food_pic_PC2.png,https://chandlernichols41.github.io/adjnorm-finished-images/adjnorm_weak_mediocre_food_pic_PC2.png
bad_mediocre,strong,bad,mediocre,bad,adjnorm_strong_bad_food_pic_PC2.png,https://chandlernichols41.github.io/adjnorm-finished-images/adjnorm_strong_bad_food_pic_PC2.png
bent_askew,neutral,,askew,bent,adjnorm_neutral_bent_askew_rod_pic_PC2.png,https://chandlernichols41.github.io/adjnorm-finished-images/adjnorm_neutral_bent_askew_rod_pic_PC2.png
bent_askew,weak,askew,askew,bent,adjnorm_weak_askew_rod_pic_PC3.png,https://chandlernichols41.github.io/adjnorm-finished-images/adjnorm_weak_askew_rod_pic_PC3.png
bent_askew,strong,bent,askew,bent,adjnorm_strong_bent_rod_pic_PC2.png,https://chandlernichols41.github.io/adjnorm-finished-images/adjnorm_strong_bent_rod_pic_PC2.png
blinding_bright,neutral,,bright,blinding,adjnorm_neutral_blinding_bright_bulb_pic_PC.png,https://chandlernichols41.github.io/adjnorm-finished-images/adjnorm_neutral_blinding_bright_bulb_pic_PC.png
blinding_bright,weak,bright,bright,blinding,adjnorm_weak_bright_bulb_pic_PS2.png,https://chandlernichols41.github.io/adjnorm-finished-images/adjnorm_weak_bright_bulb_pic_PS2.png
blinding_bright,strong,blinding,bright,blinding,adjnorm_strong_blinding_bulb_pic_PC.png,https://chandlernichols41.github.io/adjnorm-finished-images/adjnorm_strong_blinding_bulb_pic_PC.png
broken_damaged,neutral,,damaged,broken,adjnorm_neutral_broken_damaged_plate_pic_PS2.png,https://chandlernichols41.github.io/adjnorm-finished-images/adjnorm_neutral_broken_damaged_plate_pic_PS2.png
broken_damaged,weak,damaged,damaged,broken,adjnorm_weak_damaged_plate_pic_PS2.png,https://chandlernichols41.github.io/adjnorm-finished-images/adjnorm_weak_damaged_plate_pic_PS2.png
broken_damaged,strong,broken,damaged,broken,adjnorm_strong_broken_plate_pic_PS2.png,https://chandlernichols41.github.io/adjnorm-finished-images/adjnorm_strong_broken_plate_pic_PS2.png
certain_likely,neutral,,likely,certain,adjnorm_neutral_certain_likely_sky_pic_PC3.png,https://chandlernichols41.github.io/adjnorm-finished-images/adjnorm_neutral_certain_likely_sky_pic_PC3.png
certain_likely,weak,likely,likely,certain,adjnorm_weak_likely_sky_pic_PC3.png,https://chandlernichols41.github.io/adjnorm-finished-images/adjnorm_weak_likely_sky_pic_PC3.png
certain_likely,strong,certain,likely,certain,adjnorm_strong_certain_sky_pic_PC3.png,https://chandlernichols41.github.io/adjnorm-finished-images/adjnorm_strong_certain_sky_pic_PC3.png
cheap_affordable,neutral,,affordable,cheap,adjnorm_neutral_cheap_affordable_car_pic_PC2.png,https://chandlernichols41.github.io/adjnorm-finished-images/adjnorm_neutral_cheap_affordable_car_pic_PC2.png
cheap_affordable,weak,affordable,affordable,cheap,adjnorm_weak_affordable_car_pic_PC2.png,https://chandlernichols41.github.io/adjnorm-finished-images/adjnorm_weak_affordable_car_pic_PC2.png
cheap_affordable,strong,cheap,affordable,cheap,adjnorm_strong_cheap_car_pic_PC3.png,https://chandlernichols41.github.io/adjnorm-finished-images/adjnorm_strong_cheap_car_pic_PC3.png
cold_cool,neutral,,cool,cold,adjnorm_neutral_cool_cold_thermometer_pic_PC3.png,https://chandlernichols41.github.io/adjnorm-finished-images/adjnorm_neutral_cool_cold_thermometer_pic_PC3.png
cold_cool,weak,cool,cool,cold,adjnorm_weak_cool_thermometer_pic_PC3.png,https://chandlernichols41.github.io/adjnorm-finished-images/adjnorm_weak_cool_thermometer_pic_PC3.png
cold_cool,strong,cold,cool,cold,adjnorm_strong_cold_thermometer_pic_PC3.png,https://chandlernichols41.github.io/adjnorm-finished-images/adjnorm_strong_cold_thermometer_pic_PC3.png
cramped_snug,neutral,,snug,cramped,adjnorm_neutral_cramped_snug_pic_PC4.png,https://chandlernichols41.github.io/adjnorm-finished-images/adjnorm_neutral_cramped_snug_pic_PC4.png
cramped_snug,weak,snug,snug,cramped,adjnorm_weak_snug_bus_pic_PC4.png,https://chandlernichols41.github.io/adjnorm-finished-images/adjnorm_weak_snug_bus_pic_PC4.png
cramped_snug,strong,cramped,snug,cramped,adjnorm_strong_cramped_bus_pic_PC4.png,https://chandlernichols41.github.io/adjnorm-finished-images/adjnorm_strong_cramped_bus_pic_PC4.png
crystal_transparent,neutral,,transparent,Crystal-clear,adjnorm_neutral_crystal_transparent_glass_pic_PC4.png,https://chandlernichols41.github.io/adjnorm-finished-images/adjnorm_neutral_crystal_transparent_glass_pic_PC4.png
crystal_transparent,weak,transparent,transparent,Crystal-clear,adjnorm_weak_transparent_glass_pic_PC4.png,https://chandlernichols41.github.io/adjnorm-finished-images/adjnorm_weak_transparent_glass_pic_PC4.png
crystal_transparent,strong,Crystal-clear,transparent,Crystal-clear,adjnorm_strong_crystal_clear_glass_pic_PC4.png,https://chandlernichols41.github.io/adjnorm-finished-images/adjnorm_strong_crystal_clear_glass_pic_PC4.png
dark_dim,neutral,,dim,dark,adjnorm_neutral_dim_dark_photo_pic_PC2.png,https://chandlernichols41.github.io/adjnorm-finished-images/adjnorm_neutral_dim_dark_photo_pic_PC2.png
dark_dim,weak,dim,dim,dark,adjnorm_weak_dim_photo_pic_PC3.png,https://chandlernichols41.github.io/adjnorm-finished-images/adjnorm_weak_dim_photo_pic_PC3.png
dark_dim,strong,dark,dim,dark,adjnorm_strong_dark_photo_pic_PC2.png,https://chandlernichols41.github.io/adjnorm-finished-images/adjnorm_strong_dark_photo_pic_PC2.png
defeaning_loud,neutral,,loud,defeaning,adjnorm_neutral_loud_deafening_car_display_volume_pic_PC4.png,https://chandlernichols41.github.io/adjnorm-finished-images/adjnorm_neutral_loud_deafening_car_display_volume_pic_PC4.png
defeaning_loud,weak,loud,loud,defeaning,adjnorm_weak_loud_car_display_volume_pic_PC4.png,https://chandlernichols41.github.io/adjnorm-finished-images/adjnorm_weak_loud_car_display_volume_pic_PC4.png
defeaning_loud,strong,defeaning,loud,defeaning,adjnorm_strong_deafening_car_display_volume_pic_PC4.png,https://chandlernichols41.github.io/adjnorm-finished-images/adjnorm_strong_deafening_car_display_volume_pic_PC4.png
delicious_edible,neutral,,edible,delicious,adjnorm_neutral_delicious_tasty_banana_pic_PC3.png,https://chandlernichols41.github.io/adjnorm-finished-images/adjnorm_neutral_delicious_tasty_banana_pic_PC3.png
delicious_edible,weak,edible,edible,delicious,adjnorm_weak_edible_fruit_pic_PC2.png,https://chandlernichols41.github.io/adjnorm-finished-images/adjnorm_weak_edible_fruit_pic_PC2.png
delicious_edible,strong,delicious,edible,delicious,adjnorm_strong_delicious_banana_pic_PC2.png,https://chandlernichols41.github.io/adjnorm-finished-images/adjnorm_strong_delicious_banana_pic_PC2.png
delicious_tasty,neutral,,tasty,delicious,adjnorm_neutral_delicious_tasty_muffin_pic_PC2.png,https://chandlernichols41.github.io/adjnorm-finished-images/adjnorm_neutral_delicious_tasty_muffin_pic_PC2.png
delicious_tasty,weak,tasty,tasty,delicious,adjnorm_weak_tasty_cupcake_pic_PC2.png,https://chandlernichols41.github.io/adjnorm-finished-images/adjnorm_weak_tasty_cupcake_pic_PC2.png
delicious_tasty,strong,delicious,tasty,delicious,adjnorm_strong_delicious_cupcake_pic_PC2.png,https://chandlernichols41.github.io/adjnorm-finished-images/adjnorm_strong_delicious_cupcake_pic_PC2.png
delighted_happy,neutral,,happy,delighted,adjnorm_neutral_delighted_happy_face_pic_PS2.png,https://chandlernichols41.github.io/adjnorm-finished-images/adjnorm_neutral_delighted_happy_face_pic_PS2.png
delighted_happy,weak,happy,happy,delighted,adjnorm_weak_happy_face_pic_PS2.png,https://chandlernichols41.github.io/adjnorm-finished-images/adjnorm_weak_happy_face_pic_PS2.png
delighted_happy,strong,delighted,happy,delighted,adjnorm_strong_delighted_face_pic_PS2.png,https://chandlernichols41.github.io/adjnorm-finished-images/adjnorm_strong_delighted_face_pic_PS2.png
depleted_low,neutral,,low,depleted,adjnorm_neutral_depleted_low_ammo_pic_PC4.png,https://chandlernichols41.github.io/adjnorm-finished-images/adjnorm_neutral_depleted_low_ammo_pic_PC4.png
depleted_low,weak,low,low,depleted,adjnorm_weak_low_ammo_pic_PC4.png,https://chandlernichols41.github.io/adjnorm-finished-images/adjnorm_weak_low_ammo_pic_PC4.png
depleted_low,strong,depleted,low,depleted,adjnorm_strong_depleted_ammo_pic_PC4.png,https://chandlernichols41.github.io/adjnorm-finished-images/adjnorm_strong_depleted_ammo_pic_PC4.png
drowsy_sleepy,neutral,,sleepy,drowsy,adjnorm_neutral_drowsy_sleepy_face_pic_PS2.png,https://chandlernichols41.github.io/adjnorm-finished-images/adjnorm_neutral_drowsy_sleepy_face_pic_PS2.png
drowsy_sleepy,weak,sleepy,sleepy,drowsy,adjnorm_weak_sleepy_face_pic_PC.png,https://chandlernichols41.github.io/adjnorm-finished-images/adjnorm_weak_sleepy_face_pic_PC.png
drowsy_sleepy,strong,drowsy,sleepy,drowsy,adjnorm_strong_drowsy_face_pic_PC.png,https://chandlernichols41.github.io/adjnorm-finished-images/adjnorm_strong_drowsy_face_pic_PC.png
drunk_tipsy,neutral,,tipsy,drunk,adjnorm_neutral_drunk_tipsy_face_shoulders_pic_PC2.png,https://chandlernichols41.github.io/adjnorm-finished-images/adjnorm_neutral_drunk_tipsy_face_shoulders_pic_PC2.png
drunk_tipsy,weak,tipsy,tipsy,drunk,adjnorm_weak_tipsy_face_shoulders_pic_PC2.png,https://chandlernichols41.github.io/adjnorm-finished-images/adjnorm_weak_tipsy_face_shoulders_pic_PC2.png
drunk_tipsy,strong,drunk,tipsy,drunk,adjnorm_strong_drunk_face_shoulders_pic_PC2.png,https://chandlernichols41.github.io/adjnorm-finished-images/adjnorm_strong_drunk_face_shoulders_pic_PC2.png
dying_ill,neutral,,ill,dying,adjnorm_neutral_ill_dying_patient_pic.png,https://chandlernichols41.github.io/adjnorm-finished-images/adjnorm_neutral_ill_dying_patient_pic.png
dying_ill,weak,ill,ill,dying,adjnorm_weak_ill_patient_pic.png,https://chandlernichols41.github.io/adjnorm-finished-images/adjnorm_weak_ill_patient_pic.png
dying_ill,strong,dying,ill,dying,adjnorm_strong_dying_patient_pic.png,https://chandlernichols41.github.io/adjnorm-finished-images/adjnorm_strong_dying_patient_pic.png
enormous_big,neutral,,big,enormous,adjnorm_neutral_enormous_big_ball_doorway_pic_PC.png,https://chandlernichols41.github.io/adjnorm-finished-images/adjnorm_neutral_enormous_big_ball_doorway_pic_PC.png
enormous_big,weak,big,big,enormous,adjnorm_weak_big_ball_doorway_pic_PC2.png,https://chandlernichols41.github.io/adjnorm-finished-images/adjnorm_weak_big_ball_doorway_pic_PC2.png
enormous_big,strong,enormous,big,enormous,adjnorm_strong_enormous_ball_doorway_pic_PC2.png,https://chandlernichols41.github.io/adjnorm-finished-images/adjnorm_strong_enormous_ball_doorway_pic_PC2.png
excellent_good,neutral,,good,excellent,adjnorm_neutral_excellent_good_drawing_pic_PC3.png,https://chandlernichols41.github.io/adjnorm-finished-images/adjnorm_neutral_excellent_good_drawing_pic_PC3.png
excellent_good,weak,good,good,excellent,adjnorm_weak_good_drawing_pic_PC3.png,https://chandlernichols41.github.io/adjnorm-finished-images/adjnorm_weak_good_drawing_pic_PC3.png
excellent_good,strong,excellent,good,excellent,adjnorm_strong_excellent_drawing_pic_PC3.png,https://chandlernichols41.github.io/adjnorm-finished-images/adjnorm_strong_excellent_drawing_pic_PC3.png
exhausted_tired,neutral,,tired,exhausted,adjnorm_neutral_exhausted_tired_face_pic_PC.png,https://chandlernichols41.github.io/adjnorm-finished-images/adjnorm_neutral_exhausted_tired_face_pic_PC.png
exhausted_tired,weak,tired,tired,exhausted,adjnorm_weak_tired_face_pic_PC.png,https://chandlernichols41.github.io/adjnorm-finished-images/adjnorm_weak_tired_face_pic_PC.png
exhausted_tired,strong,exhausted,tired,exhausted,adjnorm_strong_exhausted_face_pic_PC.png,https://chandlernichols41.github.io/adjnorm-finished-images/adjnorm_strong_exhausted_face_pic_PC.png
extinct_endangered,neutral,,endangered,extinct,adjnorm_neutral_extinct_endangered_habitat_pic_PC3.png,https://chandlernichols41.github.io/adjnorm-finished-images/adjnorm_neutral_extinct_endangered_habitat_pic_PC3.png
extinct_endangered,weak,endangered,endangered,extinct,adjnorm_weak_endangered_habitat_pic_PC3.png,https://chandlernichols41.github.io/adjnorm-finished-images/adjnorm_weak_endangered_habitat_pic_PC3.png
extinct_endangered,strong,extinct,endangered,extinct,adjnorm_strong_extinct_habitat_pic_PC3.png,https://chandlernichols41.github.io/adjnorm-finished-images/adjnorm_strong_extinct_habitat_pic_PC3.png
extraordinary_special,neutral,,special,extraordinary,adjnorm_neutral_extraordinary_special_trophy_pic_PC2.png,https://chandlernichols41.github.io/adjnorm-finished-images/adjnorm_neutral_extraordinary_special_trophy_pic_PC2.png
extraordinary_special,weak,special,special,extraordinary,adjnorm_weak_special_trophy_pic_PC2.png,https://chandlernichols41.github.io/adjnorm-finished-images/adjnorm_weak_special_trophy_pic_PC2.png
extraordinary_special,strong,extraordinary,special,extraordinary,adjnorm_strong_extraordinary_trophy_pic_PC3.png,https://chandlernichols41.github.io/adjnorm-finished-images/adjnorm_strong_extraordinary_trophy_pic_PC3.png
fat_chubby,neutral,,chubby,fat,adjnorm_neutral_fat_chubby_adult_pic_PS2.png,https://chandlernichols41.github.io/adjnorm-finished-images/adjnorm_neutral_fat_chubby_adult_pic_PS2.png
fat_chubby,weak,chubby,chubby,fat,adjnorm_weak_chubby_adult_pic_PS2.png,https://chandlernichols41.github.io/adjnorm-finished-images/adjnorm_weak_chubby_adult_pic_PS2.png
fat_chubby,strong,fat,chubby,fat,adjnorm_strong_fat_adult_pic_PS2.png,https://chandlernichols41.github.io/adjnorm-finished-images/adjnorm_strong_fat_adult_pic_PS2.png
filthy_dirty,neutral,,dirty,filthy,adjnorm_neutral_dirty_filthy_river_pic.png,https://chandlernichols41.github.io/adjnorm-finished-images/adjnorm_neutral_dirty_filthy_river_pic.png
filthy_dirty,weak,dirty,dirty,filthy,adjnorm_weak_dirty_river_pic.png,https://chandlernichols41.github.io/adjnorm-finished-images/adjnorm_weak_dirty_river_pic.png
filthy_dirty,strong,filthy,dirty,filthy,adjnorm_strong_filthy_river_pic.png,https://chandlernichols41.github.io/adjnorm-finished-images/adjnorm_strong_filthy_river_pic.png
freezing_cold,neutral,,cold,freezing,adjnorm_neutral_freezing_cold_dude_pic_PC.png,https://chandlernichols41.github.io/adjnorm-finished-images/adjnorm_neutral_freezing_cold_dude_pic_PC.png
freezing_cold,weak,cold,cold,freezing,adjnorm_weak_cold_dude_pic_PC.png,https://chandlernichols41.github.io/adjnorm-finished-images/adjnorm_weak_cold_dude_pic_PC.png
freezing_cold,strong,freezing,cold,freezing,adjnorm_strong_freezing_dude_pic_PC.png,https://chandlernichols41.github.io/adjnorm-finished-images/adjnorm_strong_freezing_dude_pic_PC.png
gigantic_large,neutral,,large,gigantic,adjnorm_neutral_gigantic_large_building_pic_PC3.png,https://chandlernichols41.github.io/adjnorm-finished-images/adjnorm_neutral_gigantic_large_building_pic_PC3.png
gigantic_large,weak,large,large,gigantic,adjnorm_weak_large_building_pic_PC3.png,https://chandlernichols41.github.io/adjnorm-finished-images/adjnorm_weak_large_building_pic_PC3.png
gigantic_large,strong,gigantic,large,gigantic,adjnorm_strong_gigantic_building_pic_PC3.png,https://chandlernichols41.github.io/adjnorm-finished-images/adjnorm_strong_gigantic_building_pic_PC3.png
gone_scarce,neutral,,scarce,gone,adjnorm_neutral_gone_scarce_fruit_bowl_pic_PS6.png,https://chandlernichols41.github.io/adjnorm-finished-images/adjnorm_neutral_gone_scarce_fruit_bowl_pic_PS6.png
gone_scarce,weak,scarce,scarce,gone,adjnorm_weak_scarce_fruit_bowl_pic_PS6.png,https://chandlernichols41.github.io/adjnorm-finished-images/adjnorm_weak_scarce_fruit_bowl_pic_PS6.png
gone_scarce,strong,gone,scarce,gone,adjnorm_strong_gone_fruit_bowl_pic_PS6.png,https://chandlernichols41.github.io/adjnorm-finished-images/adjnorm_strong_gone_fruit_bowl_pic_PS6.png
good_adeqeuate,neutral,,adeqeuate,good,adjnorm_neutral_good_adeqeuate_meal_pic_PC3.png,https://chandlernichols41.github.io/adjnorm-finished-images/adjnorm_neutral_good_adeqeuate_meal_pic_PC3.png
good_adeqeuate,weak,adeqeuate,adeqeuate,good,adjnorm_weak_adequate_meal_pic_PC2.png,https://chandlernichols41.github.io/adjnorm-finished-images/adjnorm_weak_adequate_meal_pic_PC2.png
good_adeqeuate,strong,good,adeqeuate,good,adjnorm_strong_good_meal_pic_PC3.png,https://chandlernichols41.github.io/adjnorm-finished-images/adjnorm_strong_good_meal_pic_PC3.png
gorgeous_pretty,neutral,,pretty,gorgeous,adjnorm_neutral_gorgeous_pretty_flower_pic_PC2.png,https://chandlernichols41.github.io/adjnorm-finished-images/adjnorm_neutral_gorgeous_pretty_flower_pic_PC2.png
gorgeous_pretty,weak,pretty,pretty,gorgeous,adjnorm_weak_pretty_flower_pic_PC2.png,https://chandlernichols41.github.io/adjnorm-finished-images/adjnorm_weak_pretty_flower_pic_PC2.png
gorgeous_pretty,strong,gorgeous,pretty,gorgeous,adjnorm_strong_gorgeous_flower_pic_PC2.png,https://chandlernichols41.github.io/adjnorm-finished-images/adjnorm_strong_gorgeous_flower_pic_PC2.png
happy_content,neutral,,content,happy,adjnorm_neutral_happy_content_face_pic_PS2.png,https://chandlernichols41.github.io/adjnorm-finished-images/adjnorm_neutral_happy_content_face_pic_PS2.png
happy_content,weak,content,content,happy,adjnorm_weak_content_face_pic_PC.png,https://chandlernichols41.github.io/adjnorm-finished-images/adjnorm_weak_content_face_pic_PC.png
happy_content,strong,happy,content,happy,adjnorm_strong_happy_face_pic_PS2.png,https://chandlernichols41.github.io/adjnorm-finished-images/adjnorm_strong_happy_face_pic_PS2.png
hideous_ugly,neutral,,ugly,hideous,adjnorm_neutral_hideous_ugly_chair_pic_PS6.png,https://chandlernichols41.github.io/adjnorm-finished-images/adjnorm_neutral_hideous_ugly_chair_pic_PS6.png
hideous_ugly,weak,ugly,ugly,hideous,adjnorm_weak_ugly_chair_pic_PS6.png,https://chandlernichols41.github.io/adjnorm-finished-images/adjnorm_weak_ugly_chair_pic_PS6.png
hideous_ugly,strong,hideous,ugly,hideous,adjnorm_strong_hideous_chair_pic_PS6.png,https://chandlernichols41.github.io/adjnorm-finished-images/adjnorm_strong_hideous_chair_pic_PS6.png
hilarious_funny,neutral,,funny,hilarious,adjnorm_neutral_hilarious_funny_speaker_listener_pic_PS5.png,https://chandlernichols41.github.io/adjnorm-finished-images/adjnorm_neutral_hilarious_funny_speaker_listener_pic_PS5.png
hilarious_funny,weak,funny,funny,hilarious,adjnorm_weak_funny_speaker_listener_pic_PS5.png,https://chandlernichols41.github.io/adjnorm-finished-images/adjnorm_weak_funny_speaker_listener_pic_PS5.png
hilarious_funny,strong,hilarious,funny,hilarious,adjnorm_strong_hilarious_speaker_listener_pic_PS5.png,https://chandlernichols41.github.io/adjnorm-finished-images/adjnorm_strong_hilarious_speaker_listener_pic_PS5.png
horrific_unsettling,neutral,,unsettling,horrific,adjnorm_neutral_horrific_unsettling_fruit_pic_PS6.png,https://chandlernichols41.github.io/adjnorm-finished-images/adjnorm_neutral_horrific_unsettling_fruit_pic_PS6.png
horrific_unsettling,weak,unsettling,unsettling,horrific,adjnorm_weak_unsettling_fruit_pic_PC.png,https://chandlernichols41.github.io/adjnorm-finished-images/adjnorm_weak_unsettling_fruit_pic_PC.png
horrific_unsettling,strong,horrific,unsettling,horrific,adjnorm_strong_horrific_fruit_pic_PC.png,https://chandlernichols41.github.io/adjnorm-finished-images/adjnorm_strong_horrific_fruit_pic_PC.png
hot_warm,neutral,,warm,hot,adjnorm_neutral_hot_warm_mug_pic_PS2.png,https://chandlernichols41.github.io/adjnorm-finished-images/adjnorm_neutral_hot_warm_mug_pic_PS2.png
hot_warm,weak,warm,warm,hot,adjnorm_weak_warm_mug_pic_PS2.png,https://chandlernichols41.github.io/adjnorm-finished-images/adjnorm_weak_warm_mug_pic_PS2.png
hot_warm,strong,hot,warm,hot,adjnorm_strong_hot_mug_pic_PS2.png,https://chandlernichols41.github.io/adjnorm-finished-images/adjnorm_strong_hot_mug_pic_PS2.png
idiotic_foolish,neutral,,foolish,idiotic,adjnorm_neutral_idiotic_foolish_clown_face_pic_PS9.png,https://chandlernichols41.github.io/adjnorm-finished-images/adjnorm_neutral_idiotic_foolish_clown_face_pic_PS9.png
idiotic_foolish,weak,foolish,foolish,idiotic,adjnorm_weak_foolish_clown_face_pic_PC3.png,https://chandlernichols41.github.io/adjnorm-finished-images/adjnorm_weak_foolish_clown_face_pic_PC3.png
idiotic_foolish,strong,idiotic,foolish,idiotic,adjnorm_strong_idiotic_clown_face_pic_PC3.png,https://chandlernichols41.github.io/adjnorm-finished-images/adjnorm_strong_idiotic_clown_face_pic_PC3.png
ill_sick,neutral,,sick,ill,adjnorm_neutral_ill_sick_face_pic_PS2.png,https://chandlernichols41.github.io/adjnorm-finished-images/adjnorm_neutral_ill_sick_face_pic_PS2.png
ill_sick,weak,sick,sick,ill,adjnorm_weak_sick_face_pic_PC.png,https://chandlernichols41.github.io/adjnorm-finished-images/adjnorm_weak_sick_face_pic_PC.png
ill_sick,strong,ill,sick,ill,adjnorm_strong_ill_face_pic_PC.png,https://chandlernichols41.github.io/adjnorm-finished-images/adjnorm_strong_ill_face_pic_PC.png
impeccable_satisfactory,neutral,,satisfactory,impeccable,adjnorm_neutral_satisfactory_impeccable_car_pic_PC2.png,https://chandlernichols41.github.io/adjnorm-finished-images/adjnorm_neutral_satisfactory_impeccable_car_pic_PC2.png
impeccable_satisfactory,weak,satisfactory,satisfactory,impeccable,adjnorm_weak_satisfactory_car_pic_PC2.png,https://chandlernichols41.github.io/adjnorm-finished-images/adjnorm_weak_satisfactory_car_pic_PC2.png
impeccable_satisfactory,strong,impeccable,satisfactory,impeccable,adjnorm_strong_impeccable_car_pic_PC3.png,https://chandlernichols41.github.io/adjnorm-finished-images/adjnorm_strong_impeccable_car_pic_PC3.png
impossible_difficult,neutral,,difficult,impossible,adjnorm_neutral_difficult_impossible_task_pic.png,https://chandlernichols41.github.io/adjnorm-finished-images/adjnorm_neutral_difficult_impossible_task_pic.png
impossible_difficult,weak,difficult,difficult,impossible,adjnorm_weak_difficult_task_pic.png,https://chandlernichols41.github.io/adjnorm-finished-images/adjnorm_weak_difficult_task_pic.png
impossible_difficult,strong,impossible,difficult,impossible,adjnorm_strong_impossible_task_pic_PC2.png,https://chandlernichols41.github.io/adjnorm-finished-images/adjnorm_strong_impossible_task_pic_PC2.png
impoverished_poor,neutral,,poor,impoverished,adjnorm_neutral_poor_impoverished_place_pic.png,https://chandlernichols41.github.io/adjnorm-finished-images/adjnorm_neutral_poor_impoverished_place_pic.png
impoverished_poor,weak,poor,poor,impoverished,adjnorm_weak_poor_place_pic.png,https://chandlernichols41.github.io/adjnorm-finished-images/adjnorm_weak_poor_place_pic.png
impoverished_poor,strong,impoverished,poor,impoverished,adjnorm_strong_impoverished_place_pic.png,https://chandlernichols41.github.io/adjnorm-finished-images/adjnorm_strong_impoverished_place_pic.png
inaudible_quiet,neutral,,quiet,inaudible,adjnorm_neutral_quiet_inaudible_car_display_volume_pic_PC2.png,https://chandlernichols41.github.io/adjnorm-finished-images/adjnorm_neutral_quiet_inaudible_car_display_volume_pic_PC2.png
inaudible_quiet,weak,quiet,quiet,inaudible,adjnorm_weak_quiet_car_display_volume_pic_PC2.png,https://chandlernichols41.github.io/adjnorm-finished-images/adjnorm_weak_quiet_car_display_volume_pic_PC2.png
inaudible_quiet,strong,inaudible,quiet,inaudible,adjnorm_strong_inaudible_car_display_volume_pic_PC2.png,https://chandlernichols41.github.io/adjnorm-finished-images/adjnorm_strong_inaudible_car_display_volume_pic_PC2.png
miserable_unhappy,neutral,,unhappy,miserable,adjnorm_neutral_miserable_unhappy_face_pic_PS6.png,https://chandlernichols41.github.io/adjnorm-finished-images/adjnorm_neutral_miserable_unhappy_face_pic_PS6.png
miserable_unhappy,weak,unhappy,unhappy,miserable,adjnorm_weak_unhappy_face_pic_PS6.png,https://chandlernichols41.github.io/adjnorm-finished-images/adjnorm_weak_unhappy_face_pic_PS6.png
miserable_unhappy,strong,miserable,unhappy,miserable,adjnorm_strong_miserable_face_pic_PS6.png,https://chandlernichols41.github.io/adjnorm-finished-images/adjnorm_strong_miserable_face_pic_PS6.png
nasty_unkind,neutral,,unkind,nasty,adjnorm_neutral_nasty_unkind_face_addressee_pic_PS6.png,https://chandlernichols41.github.io/adjnorm-finished-images/adjnorm_neutral_nasty_unkind_face_addressee_pic_PS6.png
nasty_unkind,weak,unkind,unkind,nasty,adjnorm_weak_unkind_face_addressee_pic_PC3.png,https://chandlernichols41.github.io/adjnorm-finished-images/adjnorm_weak_unkind_face_addressee_pic_PC3.png
nasty_unkind,strong,nasty,unkind,nasty,adjnorm_strong_nasty_face_addressee_pic_PC3.png,https://chandlernichols41.github.io/adjnorm-finished-images/adjnorm_strong_nasty_face_addressee_pic_PC3.png
nonfunctional_faulty,neutral,,faulty,nonfunctional,adjnorm_neutral_nonfunctional_faulty_appliance_pic_PC.png,https://chandlernichols41.github.io/adjnorm-finished-images/adjnorm_neutral_nonfunctional_faulty_appliance_pic_PC.png
nonfunctional_faulty,weak,faulty,faulty,nonfunctional,adjnorm_weak_faulty_appliance_pic_PC.png,https://chandlernichols41.github.io/adjnorm-finished-images/adjnorm_weak_faulty_appliance_pic_PC.png
nonfunctional_faulty,strong,nonfunctional,faulty,nonfunctional,adjnorm_strong_nonfunctional_appliance_pic_PC.png,https://chandlernichols41.github.io/adjnorm-finished-images/adjnorm_strong_nonfunctional_appliance_pic_PC.png
obese_fat,neutral,,fat,obese,adjnorm_neutral_obese_fat_adult_pic_PS2.png,https://chandlernichols41.github.io/adjnorm-finished-images/adjnorm_neutral_obese_fat_adult_pic_PS2.png
obese_fat,weak,fat,fat,obese,adjnorm_weak_fat_adult_pic_PS2.png,https://chandlernichols41.github.io/adjnorm-finished-images/adjnorm_weak_fat_adult_pic_PS2.png
obese_fat,strong,obese,fat,obese,adjnorm_strong_obese_adult_pic_PS2.png,https://chandlernichols41.github.io/adjnorm-finished-images/adjnorm_strong_obese_adult_pic_PS2.png
obligatory_encourage,neutral,,encouraged,obligatory,adjnorm_neutral_obligatory_encourage_traffic_officer_pic_PC3.png,https://chandlernichols41.github.io/adjnorm-finished-images/adjnorm_neutral_obligatory_encourage_traffic_officer_pic_PC3.png
obligatory_encourage,weak,encouraged,encouraged,obligatory,adjnorm_weak_encouraged_traffic_officer_pic_PC3.png,https://chandlernichols41.github.io/adjnorm-finished-images/adjnorm_weak_encouraged_traffic_officer_pic_PC3.png
obligatory_encourage,strong,obligatory,encouraged,obligatory,adjnorm_strong_obligatory_traffic_officer_pic_PC4.png,https://chandlernichols41.github.io/adjnorm-finished-images/adjnorm_strong_obligatory_traffic_officer_pic_PC4.png
open_ajar,neutral,,ajar,open,adjnorm_neutral_open_ajar_door_pic_PS2.png,https://chandlernichols41.github.io/adjnorm-finished-images/adjnorm_neutral_open_ajar_door_pic_PS2.png
open_ajar,weak,ajar,ajar,open,adjnorm_weak_ajar_door_pic_PC.png,https://chandlernichols41.github.io/adjnorm-finished-images/adjnorm_weak_ajar_door_pic_PC.png
open_ajar,strong,open,ajar,open,adjnorm_strong_open_door_pic_PS2.png,https://chandlernichols41.github.io/adjnorm-finished-images/adjnorm_strong_open_door_pic_PS2.png
parched_dry,neutral,,dry,parched,adjnorm_neutral_parched_dry_plant_pic_PC.png,https://chandlernichols41.github.io/adjnorm-finished-images/adjnorm_neutral_parched_dry_plant_pic_PC.png
parched_dry,weak,dry,dry,parched,adjnorm_weak_dry_plant_pic_PC2.png,https://chandlernichols41.github.io/adjnorm-finished-images/adjnorm_weak_dry_plant_pic_PC2.png
parched_dry,strong,parched,dry,parched,adjnorm_strong_parched_plant_pic_PC.png,https://chandlernichols41.github.io/adjnorm-finished-images/adjnorm_strong_parched_plant_pic_PC.png
perfect_great,neutral,,great,perfect,adjnorm_neutral_great_perfect_checklist_pic_PC3.png,https://chandlernichols41.github.io/adjnorm-finished-images/adjnorm_neutral_great_perfect_checklist_pic_PC3.png
perfect_great,weak,great,great,perfect,adjnorm_weak_great_checklist_pic_PC3.png,https://chandlernichols41.github.io/adjnorm-finished-images/adjnorm_weak_great_checklist_pic_PC3.png
perfect_great,strong,perfect,great,perfect,adjnorm_strong_perfect_checklist_pic_PC2.png,https://chandlernichols41.github.io/adjnorm-finished-images/adjnorm_strong_perfect_checklist_pic_PC2.png
petrified_scared,neutral,,scared,petrified,adjnorm_neutral_petrified_scared_face_shoulders_pic_PS5.png,https://chandlernichols41.github.io/adjnorm-finished-images/adjnorm_neutral_petrified_scared_face_shoulders_pic_PS5.png
petrified_scared,weak,scared,scared,petrified,adjnorm_weak_scared_face_shoulders_pic_PS5.png,https://chandlernichols41.github.io/adjnorm-finished-images/adjnorm_weak_scared_face_shoulders_pic_PS5.png
petrified_scared,strong,petrified,scared,petrified,adjnorm_strong_petrified_face_shoulders_pic_PS5.png,https://chandlernichols41.github.io/adjnorm-finished-images/adjnorm_strong_petrified_face_shoulders_pic_PS5.png
plastered_drunk,neutral,,drunk,plastered,adjnorm_neutral_drunk_plastered_worker_pic.png,https://chandlernichols41.github.io/adjnorm-finished-images/adjnorm_neutral_drunk_plastered_worker_pic.png
plastered_drunk,weak,drunk,drunk,plastered,adjnorm_weak_drunk_worker_pic.png,https://chandlernichols41.github.io/adjnorm-finished-images/adjnorm_weak_drunk_worker_pic.png
plastered_drunk,strong,plastered,drunk,plastered,adjnorm_strong_plastered_worker_pic.png,https://chandlernichols41.github.io/adjnorm-finished-images/adjnorm_strong_plastered_worker_pic.png
pouring_rainy,neutral,,rainy,pouring,adjnorm_neutral_rainy_pouring_rally_pic.png,https://chandlernichols41.github.io/adjnorm-finished-images/adjnorm_neutral_rainy_pouring_rally_pic.png
pouring_rainy,weak,rainy,rainy,pouring,adjnorm_weak_rainy_rally_pic.png,https://chandlernichols41.github.io/adjnorm-finished-images/adjnorm_weak_rainy_rally_pic.png
pouring_rainy,strong,pouring,rainy,pouring,adjnorm_strong_pouring_rally_pic.png,https://chandlernichols41.github.io/adjnorm-finished-images/adjnorm_strong_pouring_rally_pic.png
ridiculous_silly,neutral,,silly,ridiculous,adjnorm_neutral_ridiculous_silly_face_pic_PS2.png,https://chandlernichols41.github.io/adjnorm-finished-images/adjnorm_neutral_ridiculous_silly_face_pic_PS2.png
ridiculous_silly,weak,silly,silly,ridiculous,adjnorm_weak_silly_face_pic_PS2.png,https://chandlernichols41.github.io/adjnorm-finished-images/adjnorm_weak_silly_face_pic_PS2.png
ridiculous_silly,strong,ridiculous,silly,ridiculous,adjnorm_strong_ridiculous_face_pic_PS2.png,https://chandlernichols41.github.io/adjnorm-finished-images/adjnorm_strong_ridiculous_face_pic_PS2.png
scalding_hot,neutral,,hot,scalding,adjnorm_neutral_scalding_hot_pan_pic_PS2.png,https://chandlernichols41.github.io/adjnorm-finished-images/adjnorm_neutral_scalding_hot_pan_pic_PS2.png
scalding_hot,weak,hot,hot,scalding,adjnorm_weak_hot_pan_pic_PC.png,https://chandlernichols41.github.io/adjnorm-finished-images/adjnorm_weak_hot_pan_pic_PC.png
scalding_hot,strong,scalding,hot,scalding,adjnorm_strong_scalding_pan_pic_PC.png,https://chandlernichols41.github.io/adjnorm-finished-images/adjnorm_strong_scalding_pan_pic_PC.png
scared_wary,neutral,,wary,scared,adjnorm_neutral_scared_wary_face_shoulders_pic_PS4.png,https://chandlernichols41.github.io/adjnorm-finished-images/adjnorm_neutral_scared_wary_face_shoulders_pic_PS4.png
scared_wary,weak,wary,wary,scared,adjnorm_weak_wary_face_shoulders_pic_PC2.png,https://chandlernichols41.github.io/adjnorm-finished-images/adjnorm_weak_wary_face_shoulders_pic_PC2.png
scared_wary,strong,scared,wary,scared,adjnorm_strong_scared_face_shoulders_pic_PC2.png,https://chandlernichols41.github.io/adjnorm-finished-images/adjnorm_strong_scared_face_shoulders_pic_PC2.png
serene_calm,neutral,,calm,serene,adjnorm_neutral_serene_calm_face_chest_pic_PC.png,https://chandlernichols41.github.io/adjnorm-finished-images/adjnorm_neutral_serene_calm_face_chest_pic_PC.png
serene_calm,weak,calm,calm,serene,adjnorm_weak_calm_face_chest_pic_PC.png,https://chandlernichols41.github.io/adjnorm-finished-images/adjnorm_weak_calm_face_chest_pic_PC.png
serene_calm,strong,serene,calm,serene,adjnorm_strong_serene_face_chest_pic_PC.png,https://chandlernichols41.github.io/adjnorm-finished-images/adjnorm_strong_serene_face_chest_pic_PC.png
skinny_thin,neutral,,thin,skinny,adjnorm_neutral_skinny_thin_adult_pic_PS2.png,https://chandlernichols41.github.io/adjnorm-finished-images/adjnorm_neutral_skinny_thin_adult_pic_PS2.png
skinny_thin,weak,thin,thin,skinny,adjnorm_weak_thin_adult_pic_PS2.png,https://chandlernichols41.github.io/adjnorm-finished-images/adjnorm_weak_thin_adult_pic_PS2.png
skinny_thin,strong,skinny,thin,skinny,adjnorm_strong_skinny_adult_pic_PS2.png,https://chandlernichols41.github.io/adjnorm-finished-images/adjnorm_strong_skinny_adult_pic_PS2.png
soaked_wet,neutral,,wet,soaked,adjnorm_neutral_wet_soaked_paperpile_pic.png,https://chandlernichols41.github.io/adjnorm-finished-images/adjnorm_neutral_wet_soaked_paperpile_pic.png
soaked_wet,weak,wet,wet,soaked,adjnorm_weak_wet_paperpile_pic.png,https://chandlernichols41.github.io/adjnorm-finished-images/adjnorm_weak_wet_paperpile_pic.png
soaked_wet,strong,soaked,wet,soaked,adjnorm_strong_soaked_paperpile_pic.png,https://chandlernichols41.github.io/adjnorm-finished-images/adjnorm_strong_soaked_paperpile_pic.png
spotless_clean,neutral,,clean,spotless,adjnorm_neutral_spotless_clean_stove_pic_PC2.png,https://chandlernichols41.github.io/adjnorm-finished-images/adjnorm_neutral_spotless_clean_stove_pic_PC2.png
spotless_clean,weak,clean,clean,spotless,adjnorm_weak_clean_stove_pic_PC2.png,https://chandlernichols41.github.io/adjnorm-finished-images/adjnorm_weak_clean_stove_pic_PC2.png
spotless_clean,strong,spotless,clean,spotless,adjnorm_strong_spotless_stove_pic_PC2.png,https://chandlernichols41.github.io/adjnorm-finished-images/adjnorm_strong_spotless_stove_pic_PC2.png
starving_hungry,neutral,,hungry,starving,adjnorm_neutral_hungry_starving_guy_pic_PC2.png,https://chandlernichols41.github.io/adjnorm-finished-images/adjnorm_neutral_hungry_starving_guy_pic_PC2.png
starving_hungry,weak,hungry,hungry,starving,adjnorm_weak_hungry_guy_pic_PC2.png,https://chandlernichols41.github.io/adjnorm-finished-images/adjnorm_weak_hungry_guy_pic_PC2.png
starving_hungry,strong,starving,hungry,starving,adjnorm_strong_starving_guy_pic_PC2.png,https://chandlernichols41.github.io/adjnorm-finished-images/adjnorm_strong_starving_guy_pic_PC2.png
sterile_clean,neutral,,clean,sterile,adjnorm_neutral_clean_sterile_table_pic.png,https://chandlernichols41.github.io/adjnorm-finished-images/adjnorm_neutral_clean_sterile_table_pic.png
sterile_clean,weak,clean,clean,sterile,adjnorm_weak_clean_table_pic.png,https://chandlernichols41.github.io/adjnorm-finished-images/adjnorm_weak_clean_table_pic.png
sterile_clean,strong,sterile,clean,sterile,adjnorm_strong_sterile_table_pic.png,https://chandlernichols41.github.io/adjnorm-finished-images/adjnorm_strong_sterile_table_pic.png
stunning_attractive,neutral,,attractive,stunning,adjnorm_neutral_attractive_stunning_dress_pic_PC4.png,https://chandlernichols41.github.io/adjnorm-finished-images/adjnorm_neutral_attractive_stunning_dress_pic_PC4.png
stunning_attractive,weak,attractive,attractive,stunning,adjnorm_weak_attractive_dress_pic_PC4.png,https://chandlernichols41.github.io/adjnorm-finished-images/adjnorm_weak_attractive_dress_pic_PC4.png
stunning_attractive,strong,stunning,attractive,stunning,adjnorm_strong_stunning_dress_pic_PC4.png,https://chandlernichols41.github.io/adjnorm-finished-images/adjnorm_strong_stunning_dress_pic_PC4.png
tiny_small,neutral,,small,tiny,adjnorm_neutral_tiny_small_ball_pic_PC3.png,https://chandlernichols41.github.io/adjnorm-finished-images/adjnorm_neutral_tiny_small_ball_pic_PC3.png
tiny_small,weak,small,small,tiny,adjnorm_weak_small_ball_pic_PC3.png,https://chandlernichols41.github.io/adjnorm-finished-images/adjnorm_weak_small_ball_pic_PC3.png
tiny_small,strong,tiny,small,tiny,adjnorm_strong_tiny_ball_pic_PC3.png,https://chandlernichols41.github.io/adjnorm-finished-images/adjnorm_strong_tiny_ball_pic_PC3.png
unforgettable_memorable,neutral,,memorable,unforgettable,adjnorm_neutral_unforgettable_memorable_park_fireworks_pic_PS9.png,https://chandlernichols41.github.io/adjnorm-finished-images/adjnorm_neutral_unforgettable_memorable_park_fireworks_pic_PS9.png
unforgettable_memorable,weak,memorable,memorable,unforgettable,adjnorm_weak_memorable_park_fireworks_pic_PS9.png,https://chandlernichols41.github.io/adjnorm-finished-images/adjnorm_weak_memorable_park_fireworks_pic_PS9.png
unforgettable_memorable,strong,unforgettable,memorable,unforgettable,adjnorm_strong_unforgettable_park_fireworks_pic_PC3.png,https://chandlernichols41.github.io/adjnorm-finished-images/adjnorm_strong_unforgettable_park_fireworks_pic_PC3.png
unsolvable_hard,neutral,,hard,unsolvable,adjnorm_neutral_unsolvable_hard_puzzle_pic_PC2.png,https://chandlernichols41.github.io/adjnorm-finished-images/adjnorm_neutral_unsolvable_hard_puzzle_pic_PC2.png
unsolvable_hard,weak,hard,hard,unsolvable,adjnorm_weak_hard_puzzle_pic_PC3.png,https://chandlernichols41.github.io/adjnorm-finished-images/adjnorm_weak_hard_puzzle_pic_PC3.png
unsolvable_hard,strong,unsolvable,hard,unsolvable,adjnorm_strong_unsolvable_puzzle_pic_PC3.png,https://chandlernichols41.github.io/adjnorm-finished-images/adjnorm_strong_unsolvable_puzzle_pic_PC3.png
wet_damp,neutral,,damp,wet,adjnorm_neutral_wet_damp_carpet_pic.png,https://chandlernichols41.github.io/adjnorm-finished-images/adjnorm_neutral_wet_damp_carpet_pic.png
wet_damp,weak,damp,damp,wet,adjnorm_weak_damp_carpet_pic.png,https://chandlernichols41.github.io/adjnorm-finished-images/adjnorm_weak_damp_carpet_pic.png
wet_damp,strong,wet,damp,wet,adjnorm_strong_wet_carpet_pic.png,https://chandlernichols41.github.io/adjnorm-finished-images/adjnorm_strong_wet_carpet_pic.png
